IdVenta,FechaVenta,Cliente,Producto,Cantidad,PrecioUnitario,Descuento,Subtotal
1,2026-09-05 10:15:00,Ana Torres Ruiz,Laptop NovaBook 14,1,2499.9,5,2374.91
1,2026-09-05 10:15:00,Ana Torres Ruiz,Mouse Inalámbrico AirClick,1,79.9,0,79.9
2,2026-09-06 12:40:00,Luis Mendoza Paz,SSD 1TB TurboDisk,2,349.9,0,699.8
3,2026-09-07 16:05:00,Carla Ramos Soto,Monitor Vision 24,1,699.0,0,699.0
3,2026-09-07 16:05:00,Carla Ramos Soto,Teclado Mecánico K87,1,189.9,10,170.91
4,2026-09-12 18:30:00,Ana Torres Ruiz,Monitor Vision 27 QHD,1,1199.0,0,1199.0
4,2026-09-12 18:30:00,Ana Torres Ruiz,Mouse Inalámbrico AirClick,2,79.9,0,159.8
5,2026-09-18 11:10:00,Lucía Paredes León,Laptop ProWork 15,1,3299.0,8,3035.08
5,2026-09-18 11:10:00,Lucía Paredes León,SSD Externo 2TB PocketDrive,1,599.9,0,599.9
6,2026-09-20 15:20:00,Miguel Salazar Vega,Monitor Vision 24,2,699.0,5,1328.1
